Panel,Tile_Filename,Model_Shown,Detection_Category,Geomorphological_Context,Selection_Rationale,Total_Detections_in_Tile,Max_Confidence,Mean_Confidence
(a) High-Confidence Candidate,ch2_ohr_ncp_20240425T1406019344_d_img_d18_x01920_y75520.png,YOLO26n,High-confidence candidate detection,Prominent boulder cluster on high-relief slope,Exemplifies high-confidence (conf > 0.50) localization by YOLO26n on steep terrain.,26,0.527,0.282
(b) Isolated Candidate with Cast Shadow,ch2_ohr_ncp_20240425T1209509264_d_img_d18_x01920_y19200.png,YOLO26n,Isolated candidate with shadow,Single isolated boulder candidate with distinct east-facing shadow,Demonstrates single isolated candidate detection with photometric shadow alignment.,1,0.387,0.387
(c) Rim-Adjacent Ejecta Candidate,ch2_ohr_ncp_20240425T1012478407_d_img_d18_x01920_y91520.png,YOLOv5s,Rim-adjacent candidate,Crater crest rim with candidate block fragments,Shows intermediate YOLOv5s candidate detection along crater rim margin.,9,0.437,0.311
(d) Multiple Detections in One Tile,ch2_ohr_ncp_20190906T2241285714_d_img_gds_x08960_y10240.png,YOLOv5s,Multiple detections in boulder field,Equatorial ejecta field with distributed candidate boulders,Illustrates multiple distinct candidate bounding boxes resolved across a complex surface.,21,0.44,0.29
(e) Scaled Architecture Detection,ch2_ohr_ncp_20190906T2241285714_d_img_gds_x05120_y07040.png,YOLO26m,Scaled YOLO26m candidate cluster,Prominent boulder group detected by scaled YOLO26m,Demonstrates YOLO26m high-confidence boulder localization with restrained activation rate.,12,0.404,0.288
(f) Sparse Conservative Behavior,ch2_ohr_ncp_20240425T1406019344_d_img_d18_x01920_y03200.png,YOLO26n,Sparse YOLO26n behavior,Low-incidence regolith terrain with isolated candidate,Shows YOLO26n conservative thresholding detecting only the most distinct rock candidates.,5,0.378,0.274
(g) Dense Texture Response,ch2_ohr_ncp_20240425T1406019344_d_img_d18_x01280_y23680.png,YOLOv8n,Dense YOLOv8n clustering,High-roughness ejecta blanket triggering dense bounding boxes,Exemplifies YOLOv8n hypersensitivity where small-scale regolith roughness triggers dense candidate boxes.,136,0.663,0.318
(h) Shadow-Associated Depressed Feature,ch2_ohr_ncp_20190906T2241285714_d_img_gds_x00000_y100480.png,YOLO26n,Shadow-associated candidate,Candidate boulder at floor of small pit crater with attached shadow,Demonstrates boundary detection at interface of illuminated crest and internal shadow.,2,0.208,0.207
(i) Ambiguous / Low-Confidence Candidates,ch2_ohr_ncp_20240425T1406019344_d_img_d18_x01920_y80000.png,YOLOv5s,Ambiguous / low-confidence candidate,Degraded crater floor with low contrast features (conf ~ 0.21),Shows threshold-adjacent candidate detection near the operational cutoff (tau = 0.20).,1,0.21,0.21
