,YOLO26n,YOLO26s,YOLO26m,YOLOv8n,YOLOv5s
Optimizer,AdamW,AdamW,AdamW,AdamW,AdamW
lr0,0.0001,0.0001,0.0001,0.0001,0.0001
lrf,0.01,0.01,0.01,0.01,0.01
Momentum,0.937,0.937,0.937,0.937,0.937
Weight_Decay,0.0005,0.0005,0.0005,0.0005,0.0005
Warmup_Epochs,3.0,3.0,3.0,3.0,3.0
Warmup_Momentum,0.8,0.8,0.8,0.8,0.8
Warmup_Bias_LR,0.1,0.1,0.1,0.1,0.1
LR_Scheduler,Cosine,Cosine,Cosine,Cosine,Cosine
cos_lr,True,True,True,True,True
Physical_Batch,8,8,4,8,8
Nominal_Batch_Size_nbs,64,64,64,64,64
Gradient_Accumulate_Steps,8,8,16,8,8
Effective_Batch_Size,64,64,64,64,64
Epochs,50,50,50,50,50
Image_Size,640,640,640,640,640
Mosaic,1.0,1.0,1.0,1.0,1.0
Close_Mosaic,10,10,10,10,10
Mixup,0.0,0.0,0.0,0.0,0.0
Copy_Paste,0.0,0.0,0.0,0.0,0.0
Erasing,0.4,0.4,0.4,0.4,0.4
Auto_Augment,randaugment,randaugment,randaugment,randaugment,randaugment
HSV_H,0.015,0.015,0.015,0.015,0.015
HSV_S,0.7,0.7,0.7,0.7,0.7
HSV_V,0.4,0.4,0.4,0.4,0.4
Scale,0.5,0.5,0.5,0.5,0.5
Translate,0.1,0.1,0.1,0.1,0.1
Degrees,0.0,0.0,0.0,0.0,0.0
Shear,0.0,0.0,0.0,0.0,0.0
Perspective,0.0,0.0,0.0,0.0,0.0
Flip_LR,0.5,0.5,0.5,0.5,0.5
Flip_UD,0.0,0.0,0.0,0.0,0.0
Seed,0,0,0,0,0
Deterministic,True,True,True,True,True
Freeze,0,0,0,0,0
AMP,True,True,True,True,True
Device,0,0,0,0,0
Pretrained,True,True,True,True,True
Starting_Weights,stage1_yolo26n_combined/weights/best.pt,yolo26s.pt,last.pt,stage1_yolov8n_combined/weights/best.pt,stage1_yolov5s_combined/weights/best.pt
Full_Weights_Path,D:/Nandana/MTECH/Semester 3/Projects/TP/lunar-landslide-boulder-detection/runs/stage1_yolo26n_combined/weights/best.pt,D:/Nandana/MTECH/Semester 3/Projects/TP/lunar-landslide-boulder-detection/weights/yolo26s.pt,runs/stage2_yolo26m_combined_hm_cosine/weights/last.pt,D:/Nandana/MTECH/Semester 3/Projects/TP/lunar-landslide-boulder-detection/runs/stage1_yolov8n_combined/weights/best.pt,D:/Nandana/MTECH/Semester 3/Projects/TP/lunar-landslide-boulder-detection/runs/stage1_yolov5s_combined/weights/best.pt
Dataset_YAML,D:/Nandana/MTECH/Semester 3/Projects/TP/lunar-landslide-boulder-detection/data/combined_hm/dataset_combined_hm.yaml,D:/Nandana/MTECH/Semester 3/Projects/TP/lunar-landslide-boulder-detection/data/combined_hm/dataset_combined_hm.yaml,D:/Nandana/MTECH/Semester 3/Projects/TP/lunar-landslide-boulder-detection/data/combined_hm/dataset_combined_hm.yaml,D:/Nandana/MTECH/Semester 3/Projects/TP/lunar-landslide-boulder-detection/data/combined_hm/dataset_combined_hm.yaml,D:/Nandana/MTECH/Semester 3/Projects/TP/lunar-landslide-boulder-detection/data/combined_hm/dataset_combined_hm.yaml
