Model,Condition,Test mAP50,Test mAP50-95,Test Precision,Test Recall,Test F1,OHRC detections,OHRC positive tiles,OHRC positive-tile rate,Mean confidence
YOLO26n,HM,0.5292,0.1896,0.5873,0.5069,0.5442,5084,2134,6.72%,0.254
YOLO26n,No-HM,0.6736,0.2664,0.6898,0.6172,0.6515,2429131,26956,84.85%,0.347
YOLO26s,HM,0.6023,0.2308,0.626,0.5691,0.5962,14102,2050,6.45%,0.295
YOLO26s,No-HM,NA,NA,NA,NA,NA,NA,NA,NA,NA
YOLO26m,HM,0.6463,0.2622,0.638,0.6172,0.6275,1484,443,1.39%,0.293
YOLO26m,No-HM,NA,NA,NA,NA,NA,NA,NA,NA,NA
YOLOv8n,HM,0.4813,0.1671,0.5469,0.4798,0.5111,353427,14129,44.47%,0.304
YOLOv8n,No-HM,0.6455,0.2488,0.6756,0.593,0.6316,2448714,26755,84.22%,0.331
YOLOv5s,HM,0.5737,0.2121,0.6108,0.5499,0.5788,24452,3896,12.26%,0.33
YOLOv5s,No-HM,0.7122,0.2908,0.7207,0.6475,0.6821,3356769,30152,94.91%,0.402
