sample_index,tile_name,relative_path,width,height,mean_intensity,std_intensity,min_intensity,max_intensity,sha256
1,ch2_ohr_ncp_20250516T1145499313_d_img_d18_x08320_y85760.png,data/tiles/usable/ch2_ohr_ncp_20250516T1145499313_d_img_d18_x08320_y85760.png,640,640,111.197,54.156,0,255,ba312204e34d1d0335b8998d7b4c2f8eed75e15b51c110eaca88fef7a4846e3a
2,ch2_ohr_ncp_20190907T0438126359_d_img_g26_x03200_y86400.png,data/tiles/usable/ch2_ohr_ncp_20190907T0438126359_d_img_g26_x03200_y86400.png,640,640,113.844,61.626,0,255,7dd744628c166d459a315789d26094891ca0f422d7aebbf1651528b605d8bdd1
3,ch2_ohr_ncp_20190906T2241285714_d_img_gds_x03200_y41600.png,data/tiles/usable/ch2_ohr_ncp_20190906T2241285714_d_img_gds_x03200_y41600.png,640,640,83.257,71.99,0,255,0d6aee1ea2185547b1aefdd1151b90035655e677380b06b77825cea40fe87e49
4,ch2_ohr_ncp_20250516T1342347288_d_img_d18_x11520_y64000.png,data/tiles/usable/ch2_ohr_ncp_20250516T1342347288_d_img_d18_x11520_y64000.png,640,640,160.831,93.918,0,255,ae146e6a753645e7a2a435bda13cee8fce334cc4fbf0a29a07ba96d0d8b888be
5,ch2_ohr_ncp_20240425T1209509264_d_img_d18_x03200_y88960.png,data/tiles/usable/ch2_ohr_ncp_20240425T1209509264_d_img_d18_x03200_y88960.png,640,640,126.795,53.557,0,255,363be257048f0e130cb27f3b62d600adb0d9f5aec37cefab29cdaf1eef2044b6
6,ch2_ohr_ncp_20240425T1012478407_d_img_d18_x11520_y04480.png,data/tiles/usable/ch2_ohr_ncp_20240425T1012478407_d_img_d18_x11520_y04480.png,640,640,125.94,80.657,0,255,279308c04afdc1022ab9c41a5e77a969b6d7506d0de2724165f0bd5e4b5c4e5d
7,ch2_ohr_ncp_20240425T1012478407_d_img_d18_x08320_y09600.png,data/tiles/usable/ch2_ohr_ncp_20240425T1012478407_d_img_d18_x08320_y09600.png,640,640,105.769,55.975,0,255,cbcf9f9d556ca3bbcb6e03b41a9bd99abcefda434b32926de213a376b0aa8f65
8,ch2_ohr_ncp_20190907T0438126359_d_img_g26_x07680_y41600.png,data/tiles/usable/ch2_ohr_ncp_20190907T0438126359_d_img_g26_x07680_y41600.png,640,640,108.259,58.635,0,255,c66979f83611ffed1afc1c8c11a79ef47698559fd73953722b54e2f7ffb76274
9,ch2_ohr_ncp_20250516T1342347288_d_img_d18_x10880_y47360.png,data/tiles/usable/ch2_ohr_ncp_20250516T1342347288_d_img_d18_x10880_y47360.png,640,640,119.795,50.522,0,255,efa20f44238c768eecd64dfa53256dd1989ab5e18d74c634216426cc11910ff9
10,ch2_ohr_ncp_20190907T0438126359_d_img_g26_x01920_y83200.png,data/tiles/usable/ch2_ohr_ncp_20190907T0438126359_d_img_g26_x01920_y83200.png,640,640,130.393,55.628,0,255,09732a563abf3e8cdec600fd4ae32c877293ed035424d4b3caf08435ab09f4d0
11,ch2_ohr_ncp_20250516T1342347288_d_img_d18_x01920_y57600.png,data/tiles/usable/ch2_ohr_ncp_20250516T1342347288_d_img_d18_x01920_y57600.png,640,640,120.023,46.174,0,255,3c44414ca8824cee55f28e16f8a5b7bf6b99b63023cf458e6ad5c9e65fecbd89
12,ch2_ohr_ncp_20250516T1342347288_d_img_d18_x11520_y45440.png,data/tiles/usable/ch2_ohr_ncp_20250516T1342347288_d_img_d18_x11520_y45440.png,640,640,159.382,93.177,0,255,aad9ceb2047adc7039f3c0f909a4ee42e08f07a3d48aae829b6f40cdb17497df
13,ch2_ohr_ncp_20250612T2031048828_d_img_d18_x10880_y57600.png,data/tiles/usable/ch2_ohr_ncp_20250612T2031048828_d_img_d18_x10880_y57600.png,640,640,110.859,48.625,0,255,31c91d959037218591c939afd3712d81e244bb67858551f6813b510f031692b7
14,ch2_ohr_ncp_20250516T0948068899_d_img_d18_x07040_y07040.png,data/tiles/usable/ch2_ohr_ncp_20250516T0948068899_d_img_d18_x07040_y07040.png,640,640,137.577,61.285,0,255,41f1715acbfefec925c148ffd58a3e63947c6db3f21adbe68ff98b56642c3a48
15,ch2_ohr_ncp_20190907T0438126359_d_img_g26_x00000_y37120.png,data/tiles/usable/ch2_ohr_ncp_20190907T0438126359_d_img_g26_x00000_y37120.png,640,640,104.89,68.13,0,255,400273a8a59cfe519a1b1b1bcb35fbe8afb06d5bf94f0c234ead46be381ffcaf
16,ch2_ohr_ncp_20250516T1145499313_d_img_d18_x01280_y52480.png,data/tiles/usable/ch2_ohr_ncp_20250516T1145499313_d_img_d18_x01280_y52480.png,640,640,123.762,51.731,0,255,2517ed718efab91aeae4c42197ba31a15216d50a2505403a492dd05cebecd691
17,ch2_ohr_ncp_20240425T1603031918_d_img_d18_x00640_y10240.png,data/tiles/usable/ch2_ohr_ncp_20240425T1603031918_d_img_d18_x00640_y10240.png,640,640,93.09,64.345,0,255,729040662320ee8123eb20189d8e60b7818f29889700b48d0b090e9fa3fef4a2
18,ch2_ohr_ncp_20190906T2241285714_d_img_gds_x03840_y85760.png,data/tiles/usable/ch2_ohr_ncp_20190906T2241285714_d_img_gds_x03840_y85760.png,640,640,109.362,56.227,0,255,757594321baa5b7fa6bc1311281609becc5e40dd9bdfe361c18e0b4eede33186
19,ch2_ohr_ncp_20190906T2241285714_d_img_gds_x03840_y42880.png,data/tiles/usable/ch2_ohr_ncp_20190906T2241285714_d_img_gds_x03840_y42880.png,640,640,73.549,77.388,0,255,14370a80c5c5906b25cfc75ae5d073a728b005e07dbb98f90c438bcd5e748545
20,ch2_ohr_ncp_20190907T0438126359_d_img_g26_x00640_y86400.png,data/tiles/usable/ch2_ohr_ncp_20190907T0438126359_d_img_g26_x00640_y86400.png,640,640,135.435,54.694,0,255,0908a19861ba5a5e710e89425c320547e54cad96035c1eeba51d1a275f82fb90
