epoch,time,train/box_loss,train/cls_loss,train/l1_loss,metrics/precision(B),metrics/recall(B),metrics/mAP50(B),metrics/mAP50-95(B),val/box_loss,val/cls_loss,val/l1_loss,lr/pg0,lr/pg1,lr/pg2
1,2094.07,2.73319,2.30604,0.00228,0.34168,0.29754,0.24279,0.07708,2.38434,2.20234,0.00186,3.32725e-05,3.32725e-05,0.0667608
2,3654.67,2.48316,1.97936,0.00197,0.42601,0.36642,0.34324,0.11838,2.29983,2.12325,0.00175,6.65408e-05,6.65408e-05,0.0334607
3,5127.35,2.37018,1.85269,0.00186,0.5512,0.48813,0.49444,0.17562,2.19945,1.81489,0.00168,9.95491e-05,9.95491e-05,0.000160376
4,7604.7,2.31182,1.78104,0.00179,0.51103,0.46073,0.45455,0.16917,2.14576,1.95157,0.00164,9.91232e-05,9.91232e-05,9.91232e-05
5,9014.49,2.27404,1.72237,0.00178,0.54811,0.48459,0.49717,0.1847,2.16119,1.8087,0.00163,9.84449e-05,9.84449e-05,9.84449e-05
6,11262.1,2.26108,1.68298,0.00173,0.54945,0.48753,0.50706,0.19231,2.10624,1.75279,0.00159,9.75773e-05,9.75773e-05,9.75773e-05
7,12952.7,2.24996,1.65714,0.00171,0.5281,0.47756,0.48563,0.17831,2.14773,1.75048,0.00162,9.65239e-05,9.65239e-05,9.65239e-05
8,15406.1,2.23968,1.62786,0.00172,0.54099,0.5164,0.51978,0.19328,2.13138,1.80427,0.00161,9.52889e-05,9.52889e-05,9.52889e-05
9,17676.5,2.2187,1.58718,0.00165,0.53035,0.49615,0.50653,0.18889,2.11572,1.71213,0.00158,9.38772e-05,9.38772e-05,9.38772e-05
10,19885.6,2.21083,1.58107,0.00164,0.56313,0.5106,0.53079,0.19823,2.12435,1.66257,0.0016,9.22942e-05,9.22942e-05,9.22942e-05
11,21249.5,2.206,1.56138,0.00166,0.56874,0.50857,0.53366,0.20253,2.12733,1.63956,0.00159,9.05463e-05,9.05463e-05,9.05463e-05
12,22763.4,2.19281,1.53818,0.00162,0.55186,0.49393,0.52059,0.19535,2.134,1.67981,0.0016,8.86404e-05,8.86404e-05,8.86404e-05
13,32354.9,2.19186,1.54548,0.00164,0.58768,0.54174,0.56594,0.21251,2.14338,1.71873,0.0016,8.65839e-05,8.65839e-05,8.65839e-05
14,34078.2,2.18484,1.53212,0.00166,0.6183,0.56807,0.60294,0.2328,2.10082,1.54702,0.00156,8.43851e-05,8.43851e-05,8.43851e-05
15,35642,2.17927,1.5137,0.00162,0.58696,0.52516,0.55857,0.21649,2.11855,1.65186,0.00158,8.20525e-05,8.20525e-05,8.20525e-05
16,37855.3,2.16712,1.49579,0.0016,0.58334,0.52395,0.56018,0.21715,2.11635,1.61556,0.00157,7.95954e-05,7.95954e-05,7.95954e-05
17,39321.1,2.16079,1.49175,0.00162,0.54436,0.46579,0.48469,0.18615,2.08457,1.71395,0.00156,7.70234e-05,7.70234e-05,7.70234e-05
18,41467.9,2.16263,1.48372,0.00162,0.58401,0.53965,0.56912,0.22222,2.08019,1.64811,0.00156,7.43468e-05,7.43468e-05,7.43468e-05
19,43427.1,2.16092,1.46576,0.00159,0.58256,0.55194,0.57554,0.22141,2.11571,1.60437,0.00158,7.15761e-05,7.15761e-05,7.15761e-05
20,45342.1,2.15,1.4525,0.00159,0.57885,0.55174,0.57058,0.21561,2.12525,1.59439,0.00159,6.87222e-05,6.87222e-05,6.87222e-05
21,47469.7,2.14833,1.43528,0.00157,0.58061,0.55164,0.57401,0.22529,2.09439,1.53706,0.00158,6.57963e-05,6.57963e-05,6.57963e-05
22,49420.2,2.14977,1.42634,0.00158,0.61964,0.57615,0.61483,0.24246,2.06432,1.47538,0.00154,6.28101e-05,6.28101e-05,6.28101e-05
23,51060.5,2.13627,1.43211,0.00157,0.60271,0.56758,0.59852,0.23463,2.0724,1.52643,0.00154,5.97754e-05,5.97754e-05,5.97754e-05
24,52659.9,2.1356,1.40763,0.00157,0.59535,0.56721,0.59481,0.2322,2.08947,1.50639,0.00156,5.6704e-05,5.6704e-05,5.6704e-05
25,54905.8,2.13194,1.40718,0.00157,0.5992,0.57154,0.59768,0.2349,2.08194,1.55075,0.00155,5.36081e-05,5.36081e-05,5.36081e-05
26,56587.4,2.12282,1.4009,0.00156,0.61639,0.58013,0.61168,0.23803,2.09039,1.49607,0.00156,5.05e-05,5.05e-05,5.05e-05
27,57996.5,2.13154,1.39473,0.00155,0.61666,0.58433,0.61679,0.24154,2.09129,1.4981,0.00156,4.73919e-05,4.73919e-05,4.73919e-05
28,60569.7,2.11491,1.36738,0.00155,0.62205,0.58647,0.62258,0.24243,2.07907,1.46883,0.00154,4.4296e-05,4.4296e-05,4.4296e-05
29,64595.5,2.11232,1.36807,0.00154,0.62196,0.58639,0.62132,0.242,2.07967,1.46949,0.00155,4.12246e-05,4.12246e-05,4.12246e-05
30,66381.1,2.11187,1.36511,0.00158,0.64018,0.60486,0.6455,0.25604,2.07734,1.45395,0.00155,3.81899e-05,3.81899e-05,3.81899e-05
31,1918.24,2.10712,1.3681,0.00154,0.61466,0.57134,0.60784,0.23717,2.09131,1.45562,0.00155,3.52037e-05,3.52037e-05,3.52037e-05
32,548.399,2.11415,1.42637,0.0016,0.58141,0.54397,0.56945,0.21993,2.16819,1.51305,0.00163,3.22778e-05,3.22778e-05,3.22778e-05
33,937.582,2.11326,1.42341,0.0016,0.61773,0.58688,0.61864,0.24078,2.12754,1.4994,0.00158,2.94239e-05,2.94239e-05,2.94239e-05
34,1340.08,2.10485,1.41912,0.00161,0.6245,0.57423,0.61458,0.24,2.09777,1.50292,0.00152,2.66532e-05,2.66532e-05,2.66532e-05
35,1743.36,2.11034,1.41878,0.00159,0.63404,0.58956,0.63074,0.248,2.07904,1.41676,0.00151,2.39766e-05,2.39766e-05,2.39766e-05
36,1832.79,2.074,1.32284,0.00151,0.61896,0.57743,0.61322,0.24006,2.09575,1.41924,0.00156,2.14046e-05,2.14046e-05,2.14046e-05
37,1422.41,2.09424,1.38181,0.0016,0.64234,0.60272,0.64335,0.25471,2.07852,1.45889,0.00151,1.89475e-05,1.89475e-05,1.89475e-05
38,2248.85,2.0991,1.39501,0.0016,0.6439,0.59536,0.64043,0.25535,2.07151,1.43221,0.0015,1.66149e-05,1.66149e-05,1.66149e-05
39,2613.41,2.1043,1.38881,0.00158,0.62636,0.58589,0.62243,0.24581,2.28017,1.49842,0.00175,1.44161e-05,1.44161e-05,1.44161e-05
40,2963.04,2.09712,1.38106,0.00158,0.63598,0.59491,0.6375,0.25326,2.07024,1.45089,0.0015,1.23596e-05,1.23596e-05,1.23596e-05
41,3332.21,2.07504,1.42854,0.0017,0.60943,0.57812,0.61086,0.24071,2.08954,1.44139,0.00152,1.04537e-05,1.04537e-05,1.04537e-05
42,3691.17,2.05111,1.39233,0.00166,0.63009,0.59149,0.63152,0.24979,2.11455,1.40435,0.00155,8.70577e-06,8.70577e-06,8.70577e-06
43,4051.27,2.05968,1.39914,0.00169,0.61864,0.58808,0.62041,0.24515,2.08549,1.42485,0.00151,7.12282e-06,7.12282e-06,7.12282e-06
44,4435.12,2.04973,1.38928,0.00168,0.63113,0.60115,0.63652,0.25286,2.0783,1.41339,0.00151,5.71106e-06,5.71106e-06,5.71106e-06
45,4814.82,2.05792,1.37823,0.00168,0.62477,0.58828,0.62441,0.24606,2.085,1.42952,0.00152,4.47606e-06,4.47606e-06,4.47606e-06
46,5169.5,2.0508,1.37626,0.00167,0.62741,0.59688,0.63203,0.25029,2.08923,1.42428,0.00151,3.4227e-06,3.4227e-06,3.4227e-06
47,5527.95,2.05102,1.37425,0.00168,0.63568,0.60161,0.64045,0.25349,2.08976,1.42115,0.00151,2.55513e-06,2.55513e-06,2.55513e-06
48,5888.45,2.04893,1.38726,0.00169,0.63437,0.59654,0.63573,0.25119,2.08742,1.43039,0.00153,1.87678e-06,1.87678e-06,1.87678e-06
49,7143.45,2.04137,1.372,0.00166,0.63513,0.59799,0.63618,0.25224,2.08756,1.42267,0.00151,1.39032e-06,1.39032e-06,1.39032e-06
50,8545.47,2.03767,1.37181,0.00164,0.62233,0.5891,0.62432,0.24518,2.09664,1.41504,0.00152,1.09768e-06,1.09768e-06,1.09768e-06
