threshold,model,precision_proxy,recall_proxy,f1,detections,tiles_hit
0.2,YOLO26n,0.2909,0.0877,0.1347,5084,2134
0.2,YOLOv8n,0.0474,0.9937,0.0905,353427,14129
0.2,YOLOv5s,0.6314,0.9153,0.7473,24452,3896
0.22,YOLO26n,0.3095,0.0648,0.1072,3531,1542
0.22,YOLOv8n,0.0545,0.9443,0.103,292448,13535
0.22,YOLOv5s,0.6654,0.8328,0.7397,21113,3317
0.24,YOLO26n,0.3404,0.0495,0.0864,2453,1132
0.24,YOLOv8n,0.0619,0.8919,0.1158,242987,12956
0.24,YOLOv5s,0.697,0.7569,0.7257,18318,2801
0.26,YOLO26n,0.3676,0.0366,0.0666,1681,809
0.26,YOLOv8n,0.0699,0.8383,0.129,202393,12376
0.26,YOLOv5s,0.7273,0.6866,0.7064,15924,2390
0.28,YOLO26n,0.4056,0.0274,0.0513,1139,575
0.28,YOLOv8n,0.078,0.7801,0.1417,168799,11846
0.28,YOLOv5s,0.7532,0.6186,0.6793,13854,2071
0.3,YOLO26n,0.4373,0.0209,0.0398,805,430
0.3,YOLOv8n,0.0867,0.7244,0.1549,140902,11218
0.3,YOLOv5s,0.7797,0.5569,0.6497,12047,1801
0.32,YOLO26n,0.4872,0.017,0.0328,587,318
0.32,YOLOv8n,0.0964,0.6706,0.1686,117335,10584
0.32,YOLOv5s,0.7972,0.4973,0.6125,10523,1602
0.34,YOLO26n,0.5573,0.013,0.0254,393,221
0.34,YOLOv8n,0.1066,0.6152,0.1817,97355,9961
0.34,YOLOv5s,0.8166,0.4456,0.5766,9205,1441
0.36,YOLO26n,0.6618,0.0107,0.021,272,161
0.36,YOLOv8n,0.1171,0.5605,0.1937,80768,9319
0.36,YOLOv5s,0.838,0.3961,0.538,7974,1294
0.38,YOLO26n,0.7716,0.009,0.0178,197,121
0.38,YOLOv8n,0.1279,0.5049,0.204,66613,8687
0.38,YOLOv5s,0.8604,0.3509,0.4985,6879,1168
0.4,YOLO26n,1.0,0.0081,0.016,136,83
0.4,YOLOv8n,0.139,0.4509,0.2124,54731,8077
0.4,YOLOv5s,0.8767,0.3086,0.4565,5937,1071
0.42,YOLO26n,1.0,0.0055,0.0108,92,57
0.42,YOLOv8n,0.1499,0.3965,0.2176,44612,7435
0.42,YOLOv5s,0.8901,0.2668,0.4106,5057,978
0.44,YOLO26n,1.0,0.0036,0.0072,61,39
0.44,YOLOv8n,0.1615,0.3447,0.2199,36014,6781
0.44,YOLOv5s,0.8981,0.2298,0.366,4317,914
0.46,YOLO26n,1.0,0.0024,0.0047,40,24
0.46,YOLOv8n,0.1749,0.297,0.2201,28641,6072
0.46,YOLOv5s,0.9137,0.1952,0.3217,3604,840
0.48,YOLO26n,1.0,0.0015,0.0031,26,16
0.48,YOLOv8n,0.1861,0.2488,0.2129,22544,5425
0.48,YOLOv5s,0.9235,0.1653,0.2805,3020,782
0.5,YOLO26n,1.0,0.0011,0.0021,18,11
0.5,YOLOv8n,0.1956,0.2048,0.2001,17657,4801
0.5,YOLOv5s,0.9369,0.1373,0.2395,2472,708
0.52,YOLO26n,1.0,0.0009,0.0019,16,10
0.52,YOLOv8n,0.2089,0.1685,0.1866,13607,4172
0.52,YOLOv5s,0.948,0.1102,0.1975,1961,635
0.54,YOLO26n,1.0,0.0005,0.0009,8,7
0.54,YOLOv8n,0.2215,0.1344,0.1673,10235,3548
0.54,YOLOv5s,0.9503,0.0872,0.1598,1548,574
0.56,YOLO26n,1.0,0.0004,0.0007,6,6
0.56,YOLOv8n,0.2301,0.1036,0.1428,7593,2978
0.56,YOLOv5s,0.9564,0.0676,0.1263,1193,519
0.58,YOLO26n,1.0,0.0002,0.0005,4,4
0.58,YOLOv8n,0.2401,0.0783,0.1181,5503,2463
0.58,YOLOv5s,0.9642,0.0494,0.0941,865,435
0.6,YOLO26n,1.0,0.0001,0.0002,2,2
0.6,YOLOv8n,0.2525,0.0569,0.0929,3802,1928
0.6,YOLOv5s,0.9733,0.0346,0.0668,599,342
0.62,YOLO26n,1.0,0.0001,0.0002,2,2
0.62,YOLOv8n,0.264,0.0403,0.0699,2572,1468
0.62,YOLOv5s,0.9848,0.0231,0.0451,395,248
0.64,YOLO26n,1.0,0.0,0.0,0,0
0.64,YOLOv8n,0.2824,0.0288,0.0523,1721,1068
0.64,YOLOv5s,0.9873,0.0138,0.0272,236,171
0.66,YOLO26n,1.0,0.0,0.0,0,0
0.66,YOLOv8n,0.2836,0.0184,0.0345,1093,757
0.66,YOLOv5s,0.993,0.0084,0.0167,143,111
0.68,YOLO26n,1.0,0.0,0.0,0,0
0.68,YOLOv8n,0.2956,0.0116,0.0224,663,512
0.68,YOLOv5s,1.0,0.004,0.0079,67,57
0.7,YOLO26n,1.0,0.0,0.0,0,0
0.7,YOLOv8n,0.3117,0.0068,0.0133,369,310
0.7,YOLOv5s,1.0,0.0018,0.0037,31,30
0.72,YOLO26n,1.0,0.0,0.0,0,0
0.72,YOLOv8n,0.3206,0.004,0.0078,209,188
0.72,YOLOv5s,1.0,0.0007,0.0014,12,12
0.74,YOLO26n,1.0,0.0,0.0,0,0
0.74,YOLOv8n,0.319,0.0022,0.0044,116,109
0.74,YOLOv5s,1.0,0.0002,0.0004,3,3
0.76,YOLO26n,1.0,0.0,0.0,0,0
0.76,YOLOv8n,0.2586,0.0009,0.0018,58,57
0.76,YOLOv5s,1.0,0.0001,0.0001,1,1
0.78,YOLO26n,1.0,0.0,0.0,0,0
0.78,YOLOv8n,0.2121,0.0004,0.0008,33,33
0.78,YOLOv5s,1.0,0.0001,0.0001,1,1
0.8,YOLO26n,1.0,0.0,0.0,0,0
0.8,YOLOv8n,0.0769,0.0001,0.0001,13,13
0.8,YOLOv5s,1.0,0.0,0.0,0,0
0.82,YOLO26n,1.0,0.0,0.0,0,0
0.82,YOLOv8n,0.0,0.0,0.0,6,6
0.82,YOLOv5s,1.0,0.0,0.0,0,0
0.84,YOLO26n,1.0,0.0,0.0,0,0
0.84,YOLOv8n,0.0,0.0,0.0,4,4
0.84,YOLOv5s,1.0,0.0,0.0,0,0
