Model,Threshold_tau,Candidate_Detections,Positive_Tiles,Total_Tiles,Positive_Tile_Rate_Pct,Mean_Confidence
YOLO26n,0.2,5084,2134,31769,6.7172,0.2543
YOLO26n,0.25,2023,957,31769,3.0124,0.3044
YOLO26n,0.3,805,430,31769,1.3535,0.3555
YOLO26n,0.35,322,183,31769,0.576,0.4049
YOLO26n,0.4,136,83,31769,0.2613,0.4497
YOLO26n,0.45,50,30,31769,0.0944,0.4984
YOLO26n,0.5,18,11,31769,0.0346,0.5491
YOLO26n,0.6,2,2,31769,0.0063,0.6284
YOLO26n,0.7,0,0,31769,0.0,0.0
YOLO26n,0.8,0,0,31769,0.0,0.0
YOLO26n,0.9,0,0,31769,0.0,0.0
YOLO26s,0.2,14102,2050,31769,6.4528,0.2954
YOLO26s,0.25,8498,1229,31769,3.8686,0.3438
YOLO26s,0.3,5218,794,31769,2.4993,0.3885
YOLO26s,0.35,3206,543,31769,1.7092,0.4293
YOLO26s,0.4,1879,368,31769,1.1584,0.4694
YOLO26s,0.45,1025,244,31769,0.768,0.5083
YOLO26s,0.5,484,144,31769,0.4533,0.549
YOLO26s,0.6,63,35,31769,0.1102,0.6254
YOLO26s,0.7,2,2,31769,0.0063,0.7164
YOLO26s,0.8,0,0,31769,0.0,0.0
YOLO26s,0.9,0,0,31769,0.0,0.0
YOLO26m,0.2,1484,443,31769,1.3944,0.2929
YOLO26m,0.25,871,278,31769,0.8751,0.3428
YOLO26m,0.3,543,175,31769,0.5509,0.3855
YOLO26m,0.35,321,109,31769,0.3431,0.4285
YOLO26m,0.4,189,69,31769,0.2172,0.4689
YOLO26m,0.45,95,41,31769,0.1291,0.5151
YOLO26m,0.5,45,24,31769,0.0755,0.5605
YOLO26m,0.6,10,5,31769,0.0157,0.6338
YOLO26m,0.7,0,0,31769,0.0,0.0
YOLO26m,0.8,0,0,31769,0.0,0.0
YOLO26m,0.9,0,0,31769,0.0,0.0
YOLOv8n,0.2,353427,14129,31769,44.4742,0.3036
YOLOv8n,0.25,221691,12680,31769,39.9131,0.3517
YOLOv8n,0.3,140902,11218,31769,35.3112,0.3968
YOLOv8n,0.35,88721,9650,31769,30.3755,0.4401
YOLOv8n,0.4,54731,8077,31769,25.4242,0.4816
YOLOv8n,0.45,32175,6427,31769,20.2304,0.5225
YOLOv8n,0.5,17657,4801,31769,15.1122,0.5634
YOLOv8n,0.6,3802,1928,31769,6.0688,0.6455
YOLOv8n,0.7,369,310,31769,0.9758,0.7327
YOLOv8n,0.8,13,13,31769,0.0409,0.8284
YOLOv8n,0.9,0,0,31769,0.0,0.0
YOLOv5s,0.2,24452,3896,31769,12.2635,0.3302
YOLOv5s,0.25,17049,2585,31769,8.1369,0.3767
YOLOv5s,0.3,12047,1801,31769,5.669,0.4194
YOLOv5s,0.35,8558,1365,31769,4.2966,0.4583
YOLOv5s,0.4,5937,1071,31769,3.3712,0.4958
YOLOv5s,0.45,3950,869,31769,2.7354,0.532
YOLOv5s,0.5,2472,708,31769,2.2286,0.5668
YOLOv5s,0.6,599,342,31769,1.0765,0.6389
YOLOv5s,0.7,31,30,31769,0.0944,0.7186
YOLOv5s,0.8,0,0,31769,0.0,0.0
YOLOv5s,0.9,0,0,31769,0.0,0.0
