Experiment,Model,Threshold,Image_Filename,GT_Boulders,Predicted_Boulders,TP,FP,FN,Precision,Recall,F1
Original External Images,YOLO26n,0.2,201_png.rf.e7ca04630403717b22a0e16e75ac3fc2.jpg,0,0,0,0,0,0.0,1.0,0.0
Original External Images,YOLO26n,0.2,20_png.rf.b37894c82cf15c6ce2288323cd5f4b9b.jpg,34,0,0,0,34,0.0,0.0,0.0
Original External Images,YOLO26n,0.2,24_png.rf.0774f0078f7ad73747539cd424756225.jpg,54,0,0,0,54,0.0,0.0,0.0
Original External Images,YOLO26n,0.2,26_png.rf.ce6c874d7dbb645d76fe55adb05f602f.jpg,69,0,0,0,69,0.0,0.0,0.0
Original External Images,YOLO26n,0.2,2_png.rf.ffd89eab55c082fe3d73ec94dbac29bd.jpg,75,0,0,0,75,0.0,0.0,0.0
Original External Images,YOLO26n,0.2,321_png.rf.fa2e57d0cc71e4aad71189d6b85022c6.jpg,8,0,0,0,8,0.0,0.0,0.0
Original External Images,YOLO26n,0.2,383_png.rf.06dc11f10b96bc8beeca096ae5b4bdf5.jpg,0,0,0,0,0,0.0,1.0,0.0
Original External Images,YOLO26n,0.2,41_png.rf.1913d75773660770307090f4df860428.jpg,97,0,0,0,97,0.0,0.0,0.0
Original External Images,YOLO26n,0.2,54_png.rf.76c491e7de6511a9a3805ec7bf4655c0.jpg,0,0,0,0,0,0.0,1.0,0.0
Original External Images,YOLO26n,0.2,65_png.rf.a29ecf294f026fe655b447912ff8a68c.jpg,1,0,0,0,1,0.0,0.0,0.0
Original External Images,YOLO26n,0.05,201_png.rf.e7ca04630403717b22a0e16e75ac3fc2.jpg,0,0,0,0,0,0.0,1.0,0.0
Original External Images,YOLO26n,0.05,20_png.rf.b37894c82cf15c6ce2288323cd5f4b9b.jpg,34,1,0,1,34,0.0,0.0,0.0
Original External Images,YOLO26n,0.05,24_png.rf.0774f0078f7ad73747539cd424756225.jpg,54,0,0,0,54,0.0,0.0,0.0
Original External Images,YOLO26n,0.05,26_png.rf.ce6c874d7dbb645d76fe55adb05f602f.jpg,69,3,0,3,69,0.0,0.0,0.0
Original External Images,YOLO26n,0.05,2_png.rf.ffd89eab55c082fe3d73ec94dbac29bd.jpg,75,3,0,3,75,0.0,0.0,0.0
Original External Images,YOLO26n,0.05,321_png.rf.fa2e57d0cc71e4aad71189d6b85022c6.jpg,8,0,0,0,8,0.0,0.0,0.0
Original External Images,YOLO26n,0.05,383_png.rf.06dc11f10b96bc8beeca096ae5b4bdf5.jpg,0,4,0,4,0,0.0,0.0,0.0
Original External Images,YOLO26n,0.05,41_png.rf.1913d75773660770307090f4df860428.jpg,97,0,0,0,97,0.0,0.0,0.0
Original External Images,YOLO26n,0.05,54_png.rf.76c491e7de6511a9a3805ec7bf4655c0.jpg,0,0,0,0,0,0.0,1.0,0.0
Original External Images,YOLO26n,0.05,65_png.rf.a29ecf294f026fe655b447912ff8a68c.jpg,1,0,0,0,1,0.0,0.0,0.0
Original External Images,YOLOv8n,0.2,201_png.rf.e7ca04630403717b22a0e16e75ac3fc2.jpg,0,1,0,1,0,0.0,0.0,0.0
Original External Images,YOLOv8n,0.2,20_png.rf.b37894c82cf15c6ce2288323cd5f4b9b.jpg,34,0,0,0,34,0.0,0.0,0.0
Original External Images,YOLOv8n,0.2,24_png.rf.0774f0078f7ad73747539cd424756225.jpg,54,0,0,0,54,0.0,0.0,0.0
Original External Images,YOLOv8n,0.2,26_png.rf.ce6c874d7dbb645d76fe55adb05f602f.jpg,69,11,0,11,69,0.0,0.0,0.0
Original External Images,YOLOv8n,0.2,2_png.rf.ffd89eab55c082fe3d73ec94dbac29bd.jpg,75,8,0,8,75,0.0,0.0,0.0
Original External Images,YOLOv8n,0.2,321_png.rf.fa2e57d0cc71e4aad71189d6b85022c6.jpg,8,104,0,104,8,0.0,0.0,0.0
Original External Images,YOLOv8n,0.2,383_png.rf.06dc11f10b96bc8beeca096ae5b4bdf5.jpg,0,70,0,70,0,0.0,0.0,0.0
Original External Images,YOLOv8n,0.2,41_png.rf.1913d75773660770307090f4df860428.jpg,97,2,0,2,97,0.0,0.0,0.0
Original External Images,YOLOv8n,0.2,54_png.rf.76c491e7de6511a9a3805ec7bf4655c0.jpg,0,8,0,8,0,0.0,0.0,0.0
Original External Images,YOLOv8n,0.2,65_png.rf.a29ecf294f026fe655b447912ff8a68c.jpg,1,14,0,14,1,0.0,0.0,0.0
Original External Images,YOLOv8n,0.05,201_png.rf.e7ca04630403717b22a0e16e75ac3fc2.jpg,0,38,0,38,0,0.0,0.0,0.0
Original External Images,YOLOv8n,0.05,20_png.rf.b37894c82cf15c6ce2288323cd5f4b9b.jpg,34,63,0,63,34,0.0,0.0,0.0
Original External Images,YOLOv8n,0.05,24_png.rf.0774f0078f7ad73747539cd424756225.jpg,54,56,0,56,54,0.0,0.0,0.0
Original External Images,YOLOv8n,0.05,26_png.rf.ce6c874d7dbb645d76fe55adb05f602f.jpg,69,149,0,149,69,0.0,0.0,0.0
Original External Images,YOLOv8n,0.05,2_png.rf.ffd89eab55c082fe3d73ec94dbac29bd.jpg,75,133,0,133,75,0.0,0.0,0.0
Original External Images,YOLOv8n,0.05,321_png.rf.fa2e57d0cc71e4aad71189d6b85022c6.jpg,8,300,0,300,8,0.0,0.0,0.0
Original External Images,YOLOv8n,0.05,383_png.rf.06dc11f10b96bc8beeca096ae5b4bdf5.jpg,0,300,0,300,0,0.0,0.0,0.0
Original External Images,YOLOv8n,0.05,41_png.rf.1913d75773660770307090f4df860428.jpg,97,44,0,44,97,0.0,0.0,0.0
Original External Images,YOLOv8n,0.05,54_png.rf.76c491e7de6511a9a3805ec7bf4655c0.jpg,0,88,0,88,0,0.0,0.0,0.0
Original External Images,YOLOv8n,0.05,65_png.rf.a29ecf294f026fe655b447912ff8a68c.jpg,1,161,0,161,1,0.0,0.0,0.0
Original External Images,YOLOv5s,0.2,201_png.rf.e7ca04630403717b22a0e16e75ac3fc2.jpg,0,0,0,0,0,0.0,1.0,0.0
Original External Images,YOLOv5s,0.2,20_png.rf.b37894c82cf15c6ce2288323cd5f4b9b.jpg,34,0,0,0,34,0.0,0.0,0.0
Original External Images,YOLOv5s,0.2,24_png.rf.0774f0078f7ad73747539cd424756225.jpg,54,0,0,0,54,0.0,0.0,0.0
Original External Images,YOLOv5s,0.2,26_png.rf.ce6c874d7dbb645d76fe55adb05f602f.jpg,69,0,0,0,69,0.0,0.0,0.0
Original External Images,YOLOv5s,0.2,2_png.rf.ffd89eab55c082fe3d73ec94dbac29bd.jpg,75,0,0,0,75,0.0,0.0,0.0
Original External Images,YOLOv5s,0.2,321_png.rf.fa2e57d0cc71e4aad71189d6b85022c6.jpg,8,0,0,0,8,0.0,0.0,0.0
Original External Images,YOLOv5s,0.2,383_png.rf.06dc11f10b96bc8beeca096ae5b4bdf5.jpg,0,0,0,0,0,0.0,1.0,0.0
Original External Images,YOLOv5s,0.2,41_png.rf.1913d75773660770307090f4df860428.jpg,97,0,0,0,97,0.0,0.0,0.0
Original External Images,YOLOv5s,0.2,54_png.rf.76c491e7de6511a9a3805ec7bf4655c0.jpg,0,0,0,0,0,0.0,1.0,0.0
Original External Images,YOLOv5s,0.2,65_png.rf.a29ecf294f026fe655b447912ff8a68c.jpg,1,0,0,0,1,0.0,0.0,0.0
Original External Images,YOLOv5s,0.05,201_png.rf.e7ca04630403717b22a0e16e75ac3fc2.jpg,0,0,0,0,0,0.0,1.0,0.0
Original External Images,YOLOv5s,0.05,20_png.rf.b37894c82cf15c6ce2288323cd5f4b9b.jpg,34,0,0,0,34,0.0,0.0,0.0
Original External Images,YOLOv5s,0.05,24_png.rf.0774f0078f7ad73747539cd424756225.jpg,54,0,0,0,54,0.0,0.0,0.0
Original External Images,YOLOv5s,0.05,26_png.rf.ce6c874d7dbb645d76fe55adb05f602f.jpg,69,0,0,0,69,0.0,0.0,0.0
Original External Images,YOLOv5s,0.05,2_png.rf.ffd89eab55c082fe3d73ec94dbac29bd.jpg,75,0,0,0,75,0.0,0.0,0.0
Original External Images,YOLOv5s,0.05,321_png.rf.fa2e57d0cc71e4aad71189d6b85022c6.jpg,8,0,0,0,8,0.0,0.0,0.0
Original External Images,YOLOv5s,0.05,383_png.rf.06dc11f10b96bc8beeca096ae5b4bdf5.jpg,0,0,0,0,0,0.0,1.0,0.0
Original External Images,YOLOv5s,0.05,41_png.rf.1913d75773660770307090f4df860428.jpg,97,0,0,0,97,0.0,0.0,0.0
Original External Images,YOLOv5s,0.05,54_png.rf.76c491e7de6511a9a3805ec7bf4655c0.jpg,0,0,0,0,0,0.0,1.0,0.0
Original External Images,YOLOv5s,0.05,65_png.rf.a29ecf294f026fe655b447912ff8a68c.jpg,1,0,0,0,1,0.0,0.0,0.0
Project Preprocessed (HM),YOLO26n,0.2,201_png.rf.e7ca04630403717b22a0e16e75ac3fc2.jpg,0,0,0,0,0,0.0,1.0,0.0
Project Preprocessed (HM),YOLO26n,0.2,20_png.rf.b37894c82cf15c6ce2288323cd5f4b9b.jpg,34,79,0,79,34,0.0,0.0,0.0
Project Preprocessed (HM),YOLO26n,0.2,24_png.rf.0774f0078f7ad73747539cd424756225.jpg,54,0,0,0,54,0.0,0.0,0.0
Project Preprocessed (HM),YOLO26n,0.2,26_png.rf.ce6c874d7dbb645d76fe55adb05f602f.jpg,69,2,0,2,69,0.0,0.0,0.0
Project Preprocessed (HM),YOLO26n,0.2,2_png.rf.ffd89eab55c082fe3d73ec94dbac29bd.jpg,75,1,0,1,75,0.0,0.0,0.0
Project Preprocessed (HM),YOLO26n,0.2,321_png.rf.fa2e57d0cc71e4aad71189d6b85022c6.jpg,8,1,0,1,8,0.0,0.0,0.0
Project Preprocessed (HM),YOLO26n,0.2,383_png.rf.06dc11f10b96bc8beeca096ae5b4bdf5.jpg,0,0,0,0,0,0.0,1.0,0.0
Project Preprocessed (HM),YOLO26n,0.2,41_png.rf.1913d75773660770307090f4df860428.jpg,97,0,0,0,97,0.0,0.0,0.0
Project Preprocessed (HM),YOLO26n,0.2,54_png.rf.76c491e7de6511a9a3805ec7bf4655c0.jpg,0,0,0,0,0,0.0,1.0,0.0
Project Preprocessed (HM),YOLO26n,0.2,65_png.rf.a29ecf294f026fe655b447912ff8a68c.jpg,1,0,0,0,1,0.0,0.0,0.0
Project Preprocessed (HM),YOLO26n,0.05,201_png.rf.e7ca04630403717b22a0e16e75ac3fc2.jpg,0,0,0,0,0,0.0,1.0,0.0
Project Preprocessed (HM),YOLO26n,0.05,20_png.rf.b37894c82cf15c6ce2288323cd5f4b9b.jpg,34,229,1,228,33,0.0044,0.0294,0.0077
Project Preprocessed (HM),YOLO26n,0.05,24_png.rf.0774f0078f7ad73747539cd424756225.jpg,54,0,0,0,54,0.0,0.0,0.0
Project Preprocessed (HM),YOLO26n,0.05,26_png.rf.ce6c874d7dbb645d76fe55adb05f602f.jpg,69,30,0,30,69,0.0,0.0,0.0
Project Preprocessed (HM),YOLO26n,0.05,2_png.rf.ffd89eab55c082fe3d73ec94dbac29bd.jpg,75,16,0,16,75,0.0,0.0,0.0
Project Preprocessed (HM),YOLO26n,0.05,321_png.rf.fa2e57d0cc71e4aad71189d6b85022c6.jpg,8,17,0,17,8,0.0,0.0,0.0
Project Preprocessed (HM),YOLO26n,0.05,383_png.rf.06dc11f10b96bc8beeca096ae5b4bdf5.jpg,0,8,0,8,0,0.0,0.0,0.0
Project Preprocessed (HM),YOLO26n,0.05,41_png.rf.1913d75773660770307090f4df860428.jpg,97,0,0,0,97,0.0,0.0,0.0
Project Preprocessed (HM),YOLO26n,0.05,54_png.rf.76c491e7de6511a9a3805ec7bf4655c0.jpg,0,0,0,0,0,0.0,1.0,0.0
Project Preprocessed (HM),YOLO26n,0.05,65_png.rf.a29ecf294f026fe655b447912ff8a68c.jpg,1,0,0,0,1,0.0,0.0,0.0
Project Preprocessed (HM),YOLOv8n,0.2,201_png.rf.e7ca04630403717b22a0e16e75ac3fc2.jpg,0,0,0,0,0,0.0,1.0,0.0
Project Preprocessed (HM),YOLOv8n,0.2,20_png.rf.b37894c82cf15c6ce2288323cd5f4b9b.jpg,34,92,0,92,34,0.0,0.0,0.0
Project Preprocessed (HM),YOLOv8n,0.2,24_png.rf.0774f0078f7ad73747539cd424756225.jpg,54,5,0,5,54,0.0,0.0,0.0
Project Preprocessed (HM),YOLOv8n,0.2,26_png.rf.ce6c874d7dbb645d76fe55adb05f602f.jpg,69,44,1,43,68,0.0227,0.0145,0.0177
Project Preprocessed (HM),YOLOv8n,0.2,2_png.rf.ffd89eab55c082fe3d73ec94dbac29bd.jpg,75,14,0,14,75,0.0,0.0,0.0
Project Preprocessed (HM),YOLOv8n,0.2,321_png.rf.fa2e57d0cc71e4aad71189d6b85022c6.jpg,8,24,0,24,8,0.0,0.0,0.0
Project Preprocessed (HM),YOLOv8n,0.2,383_png.rf.06dc11f10b96bc8beeca096ae5b4bdf5.jpg,0,19,0,19,0,0.0,0.0,0.0
Project Preprocessed (HM),YOLOv8n,0.2,41_png.rf.1913d75773660770307090f4df860428.jpg,97,15,1,14,96,0.0667,0.0103,0.0178
Project Preprocessed (HM),YOLOv8n,0.2,54_png.rf.76c491e7de6511a9a3805ec7bf4655c0.jpg,0,0,0,0,0,0.0,1.0,0.0
Project Preprocessed (HM),YOLOv8n,0.2,65_png.rf.a29ecf294f026fe655b447912ff8a68c.jpg,1,3,0,3,1,0.0,0.0,0.0
Project Preprocessed (HM),YOLOv8n,0.05,201_png.rf.e7ca04630403717b22a0e16e75ac3fc2.jpg,0,4,0,4,0,0.0,0.0,0.0
Project Preprocessed (HM),YOLOv8n,0.05,20_png.rf.b37894c82cf15c6ce2288323cd5f4b9b.jpg,34,261,0,261,34,0.0,0.0,0.0
Project Preprocessed (HM),YOLOv8n,0.05,24_png.rf.0774f0078f7ad73747539cd424756225.jpg,54,29,0,29,54,0.0,0.0,0.0
Project Preprocessed (HM),YOLOv8n,0.05,26_png.rf.ce6c874d7dbb645d76fe55adb05f602f.jpg,69,159,2,157,67,0.0126,0.029,0.0176
Project Preprocessed (HM),YOLOv8n,0.05,2_png.rf.ffd89eab55c082fe3d73ec94dbac29bd.jpg,75,73,0,73,75,0.0,0.0,0.0
Project Preprocessed (HM),YOLOv8n,0.05,321_png.rf.fa2e57d0cc71e4aad71189d6b85022c6.jpg,8,121,0,121,8,0.0,0.0,0.0
Project Preprocessed (HM),YOLOv8n,0.05,383_png.rf.06dc11f10b96bc8beeca096ae5b4bdf5.jpg,0,78,0,78,0,0.0,0.0,0.0
Project Preprocessed (HM),YOLOv8n,0.05,41_png.rf.1913d75773660770307090f4df860428.jpg,97,46,2,44,95,0.0435,0.0206,0.028
Project Preprocessed (HM),YOLOv8n,0.05,54_png.rf.76c491e7de6511a9a3805ec7bf4655c0.jpg,0,4,0,4,0,0.0,0.0,0.0
Project Preprocessed (HM),YOLOv8n,0.05,65_png.rf.a29ecf294f026fe655b447912ff8a68c.jpg,1,18,0,18,1,0.0,0.0,0.0
Project Preprocessed (HM),YOLOv5s,0.2,201_png.rf.e7ca04630403717b22a0e16e75ac3fc2.jpg,0,0,0,0,0,0.0,1.0,0.0
Project Preprocessed (HM),YOLOv5s,0.2,20_png.rf.b37894c82cf15c6ce2288323cd5f4b9b.jpg,34,12,0,12,34,0.0,0.0,0.0
Project Preprocessed (HM),YOLOv5s,0.2,24_png.rf.0774f0078f7ad73747539cd424756225.jpg,54,2,0,2,54,0.0,0.0,0.0
Project Preprocessed (HM),YOLOv5s,0.2,26_png.rf.ce6c874d7dbb645d76fe55adb05f602f.jpg,69,4,0,4,69,0.0,0.0,0.0
Project Preprocessed (HM),YOLOv5s,0.2,2_png.rf.ffd89eab55c082fe3d73ec94dbac29bd.jpg,75,2,0,2,75,0.0,0.0,0.0
Project Preprocessed (HM),YOLOv5s,0.2,321_png.rf.fa2e57d0cc71e4aad71189d6b85022c6.jpg,8,4,0,4,8,0.0,0.0,0.0
Project Preprocessed (HM),YOLOv5s,0.2,383_png.rf.06dc11f10b96bc8beeca096ae5b4bdf5.jpg,0,5,0,5,0,0.0,0.0,0.0
Project Preprocessed (HM),YOLOv5s,0.2,41_png.rf.1913d75773660770307090f4df860428.jpg,97,1,0,1,97,0.0,0.0,0.0
Project Preprocessed (HM),YOLOv5s,0.2,54_png.rf.76c491e7de6511a9a3805ec7bf4655c0.jpg,0,0,0,0,0,0.0,1.0,0.0
Project Preprocessed (HM),YOLOv5s,0.2,65_png.rf.a29ecf294f026fe655b447912ff8a68c.jpg,1,0,0,0,1,0.0,0.0,0.0
Project Preprocessed (HM),YOLOv5s,0.05,201_png.rf.e7ca04630403717b22a0e16e75ac3fc2.jpg,0,0,0,0,0,0.0,1.0,0.0
Project Preprocessed (HM),YOLOv5s,0.05,20_png.rf.b37894c82cf15c6ce2288323cd5f4b9b.jpg,34,64,0,64,34,0.0,0.0,0.0
Project Preprocessed (HM),YOLOv5s,0.05,24_png.rf.0774f0078f7ad73747539cd424756225.jpg,54,18,0,18,54,0.0,0.0,0.0
Project Preprocessed (HM),YOLOv5s,0.05,26_png.rf.ce6c874d7dbb645d76fe55adb05f602f.jpg,69,21,0,21,69,0.0,0.0,0.0
Project Preprocessed (HM),YOLOv5s,0.05,2_png.rf.ffd89eab55c082fe3d73ec94dbac29bd.jpg,75,16,1,15,74,0.0625,0.0133,0.0219
Project Preprocessed (HM),YOLOv5s,0.05,321_png.rf.fa2e57d0cc71e4aad71189d6b85022c6.jpg,8,31,0,31,8,0.0,0.0,0.0
Project Preprocessed (HM),YOLOv5s,0.05,383_png.rf.06dc11f10b96bc8beeca096ae5b4bdf5.jpg,0,23,0,23,0,0.0,0.0,0.0
Project Preprocessed (HM),YOLOv5s,0.05,41_png.rf.1913d75773660770307090f4df860428.jpg,97,11,0,11,97,0.0,0.0,0.0
Project Preprocessed (HM),YOLOv5s,0.05,54_png.rf.76c491e7de6511a9a3805ec7bf4655c0.jpg,0,0,0,0,0,0.0,1.0,0.0
Project Preprocessed (HM),YOLOv5s,0.05,65_png.rf.a29ecf294f026fe655b447912ff8a68c.jpg,1,0,0,0,1,0.0,0.0,0.0
