Model,Preprocessing,Threshold,Predictions,TP,FP,FN,Precision,Recall,F1,mAP50,mAP50_95
YOLO26n,Original External Images,0.2,0,0,0,338,0.0,0.0,0.0,0.0009,0.0001
YOLO26n,Original External Images,0.05,11,0,11,338,0.0,0.0,0.0,0.0009,0.0001
YOLO26n,Original External Images,0.01,241,1,240,337,0.0041,0.003,0.0035,0.0009,0.0001
YOLO26n,Original External Images,0.005,838,3,835,335,0.0036,0.0089,0.0051,0.0009,0.0001
YOLO26n,Original External Images,0.001,2695,24,2671,314,0.0089,0.071,0.0158,0.0009,0.0001
YOLOv8n,Original External Images,0.2,218,0,218,338,0.0,0.0,0.0,0.0,0.0
YOLOv8n,Original External Images,0.05,1332,0,1332,338,0.0,0.0,0.0,0.0,0.0
YOLOv8n,Original External Images,0.01,2984,1,2983,337,0.0003,0.003,0.0005,0.0,0.0
YOLOv8n,Original External Images,0.005,3000,1,2999,337,0.0003,0.003,0.0005,0.0,0.0
YOLOv8n,Original External Images,0.001,3000,1,2999,337,0.0003,0.003,0.0005,0.0,0.0
YOLOv5s,Original External Images,0.2,0,0,0,338,0.0,0.0,0.0,0.0001,0.0
YOLOv5s,Original External Images,0.05,0,0,0,338,0.0,0.0,0.0,0.0001,0.0
YOLOv5s,Original External Images,0.01,12,0,12,338,0.0,0.0,0.0,0.0001,0.0
YOLOv5s,Original External Images,0.005,28,0,28,338,0.0,0.0,0.0,0.0001,0.0
YOLOv5s,Original External Images,0.001,398,4,394,334,0.0101,0.0118,0.0109,0.0001,0.0
YOLO26n,Project Preprocessed (HM),0.2,83,0,83,338,0.0,0.0,0.0,0.0001,0.0
YOLO26n,Project Preprocessed (HM),0.05,300,1,299,337,0.0033,0.003,0.0031,0.0001,0.0
YOLO26n,Project Preprocessed (HM),0.01,607,3,604,335,0.0049,0.0089,0.0063,0.0001,0.0
YOLO26n,Project Preprocessed (HM),0.005,829,3,826,335,0.0036,0.0089,0.0051,0.0001,0.0
YOLO26n,Project Preprocessed (HM),0.001,1558,7,1551,331,0.0045,0.0207,0.0074,0.0001,0.0
YOLOv8n,Project Preprocessed (HM),0.2,216,2,214,336,0.0093,0.0059,0.0072,0.0003,0.0
YOLOv8n,Project Preprocessed (HM),0.05,793,4,789,334,0.005,0.0118,0.007,0.0003,0.0
YOLOv8n,Project Preprocessed (HM),0.01,1781,9,1772,329,0.0051,0.0266,0.0086,0.0003,0.0
YOLOv8n,Project Preprocessed (HM),0.005,2124,10,2114,328,0.0047,0.0296,0.0081,0.0003,0.0
YOLOv8n,Project Preprocessed (HM),0.001,2901,12,2889,326,0.0041,0.0355,0.0074,0.0003,0.0
YOLOv5s,Project Preprocessed (HM),0.2,30,0,30,338,0.0,0.0,0.0,0.0003,0.0
YOLOv5s,Project Preprocessed (HM),0.05,184,1,183,337,0.0054,0.003,0.0039,0.0003,0.0
YOLOv5s,Project Preprocessed (HM),0.01,591,3,588,335,0.0051,0.0089,0.0065,0.0003,0.0
YOLOv5s,Project Preprocessed (HM),0.005,912,5,907,333,0.0055,0.0148,0.008,0.0003,0.0
YOLOv5s,Project Preprocessed (HM),0.001,1947,12,1935,326,0.0062,0.0355,0.0106,0.0003,0.0
